query_id,n,c,pass@1,pass@5,pass@10,pass@15,pass@20,pass@30,pass@40,pass@50
query1,50.0,44.0,0.88,0.9999971681549585,1.0,1.0,1.0,1.0,1.0,1.0
query2,50.0,3.0,0.06000000000000005,0.27602040816326523,0.49591836734693884,0.6660714285714286,0.7928571428571429,0.9418367346938775,0.9938775510204082,1.0
query3,50.0,0.0,0.0,0.0,0.0,0.0,0.0,0.0,0.0,0.0
Overall,,,0.31333333333333335,0.42533919210607457,0.4986394557823129,0.5553571428571429,0.5976190476190476,0.6472789115646259,0.6646258503401361,0.6666666666666666
