query_id,n,c,pass@1,pass@5,pass@10,pass@15,pass@20,pass@30,pass@40,pass@50
query1,50.0,41.0,0.8200000000000001,0.9999405312541297,1.0,1.0,1.0,1.0,1.0,1.0
query2,50.0,6.0,0.12,0.48743227170609216,0.7584511695520021,0.8978547200563852,0.962633804678208,0.9975608374709736,0.99998678472314,1.0
query3,50.0,0.0,0.0,0.0,0.0,0.0,0.0,0.0,0.0,0.0
Overall,,,0.31333333333333335,0.495790934320074,0.5861503898506674,0.6326182400187951,0.6542112682260693,0.6658536124903245,0.66666226157438,0.6666666666666666
