query_id,n,c,pass@1,pass@5,pass@10,pass@15,pass@20,pass@30,pass@40,pass@50
query1,50.0,17.0,0.3400000000000004,0.8879835375408257,0.9909892393422208,0.9995392106397284,0.9999878384039812,0.9999999998842332,1.0,1.0
query2,50.0,41.0,0.8200000000000001,0.9999405312541297,1.0,1.0,1.0,1.0,1.0,1.0
query3,50.0,40.0,0.7999999999999999,0.9998810625082596,0.9999999999026506,1.0,1.0,1.0,1.0,1.0
Overall,,,0.6533333333333334,0.962601710434405,0.9969964130816238,0.9998464035465761,0.9999959461346605,0.999999999961411,1.0,1.0
