query_id,n,c,pass@1,pass@5,pass@10,pass@15,pass@20,pass@30,pass@40,pass@50
query1,50.0,28.0,0.5600000000000002,0.9875710321131228,0.9999370494072203,0.9999999242306028,0.9999999999950986,1.0,1.0,1.0
query2,50.0,44.0,0.88,0.9999971681549585,1.0,1.0,1.0,1.0,1.0,1.0
query3,50.0,45.0,0.9,0.9999995280258265,1.0,1.0,1.0,1.0,1.0,1.0
Overall,,,0.7800000000000001,0.9958559094313025,0.9999790164690734,0.9999999747435343,0.9999999999983662,1.0,1.0,1.0
