query_id,n,c,pass@1,pass@5,pass@10,pass@15,pass@20,pass@30,pass@40,pass@50
query1,50.0,27.0,0.5399999999999998,0.9841185410334347,0.9998886258743127,0.9999997821629832,0.9999999999624225,1.0,1.0,1.0
query2,50.0,45.0,0.9,0.9999995280258265,1.0,1.0,1.0,1.0,1.0,1.0
query3,50.0,44.0,0.88,0.9999971681549585,1.0,1.0,1.0,1.0,1.0,1.0
Overall,,,0.7733333333333333,0.9947050790714065,0.9999628752914376,0.9999999273876611,0.9999999999874741,1.0,1.0,1.0
