query_id,n,c,pass@1,pass@5,pass@10,pass@15,pass@20,pass@30,pass@40,pass@50
query1,50.0,47.0,0.94,1.0,1.0,1.0,1.0,1.0,1.0,1.0
query2,50.0,0.0,0.0,0.0,0.0,0.0,0.0,0.0,0.0,0.0
query3,50.0,17.0,0.3400000000000004,0.8879835375408257,0.9909892393422208,0.9995392106397284,0.9999878384039811,0.9999999998842332,1.0,1.0
query4,50.0,31.0,0.6199999999999999,0.9945118843096906,0.9999910070581743,0.9999999982779683,1.0,1.0,1.0,1.0
Overall,,,0.47500000000000003,0.7206238554626291,0.7477450616000988,0.7498848022294241,0.7499969596009952,0.7499999999710583,0.75,0.75
