query_id,n,c,pass@1,pass@5,pass@10,pass@15,pass@20,pass@30,pass@40,pass@50
query1,50.0,41.0,0.8200000000000001,0.9999405312541297,1.0,1.0,1.0,1.0,1.0,1.0
query2,50.0,0.0,0.0,0.0,0.0,0.0,0.0,0.0,0.0,0.0
query3,50.0,22.0,0.44000000000000006,0.9536143782212237,0.9987224732641756,0.9999833651732615,0.9999999340514121,1.0,1.0,1.0
query4,50.0,32.0,0.6400000000000001,0.9959561252808247,0.999995740185451,0.999999999637467,1.0,1.0,1.0,1.0
Overall,,,0.4750000000000001,0.7373777586890445,0.7496795533624067,0.7499958412026821,0.749999983512853,0.75,0.75,0.75
