query_id,n,c,pass@1,pass@5,pass@10,pass@15,pass@20,pass@30,pass@40,pass@50
query1,50.0,41.0,0.8200000000000001,0.9999405312541297,1.0,1.0,1.0,1.0,1.0,1.0
query2,50.0,0.0,0.0,0.0,0.0,0.0,0.0,0.0,0.0,0.0
query3,50.0,23.0,0.4600000000000002,0.9618975249674337,0.9991787328126843,0.9999922766875857,0.9999999811575463,1.0,1.0,1.0
query4,50.0,0.0,0.0,0.0,0.0,0.0,0.0,0.0,0.0,0.0
query5,50.0,2.0,0.040000000000000036,0.19183673469387752,0.3632653061224489,0.5142857142857143,0.6448979591836734,0.8448979591836735,0.963265306122449,1.0
Overall,,,0.26400000000000007,0.43073495818308827,0.4724888077870267,0.5028555981946601,0.5289795880682439,0.5689795918367346,0.5926530612244898,0.6
