query_id,n,c,pass@1,pass@5,pass@10,pass@15,pass@20,pass@30,pass@40,pass@50
query1,50.0,36.0,0.72,0.9990551077045065,0.999999902553262,1.0,1.0,1.0,1.0,1.0
query2,50.0,0.0,0.0,0.0,0.0,0.0,0.0,0.0,0.0,0.0
query3,50.0,17.0,0.3400000000000004,0.8879835375408257,0.9909892393422208,0.9995392106397284,0.9999878384039811,0.9999999998842332,1.0,1.0
query4,50.0,0.0,0.0,0.0,0.0,0.0,0.0,0.0,0.0,0.0
query5,50.0,4.0,0.08000000000000007,0.3530395136778116,0.6031697785497177,0.772644376899696,0.8810030395136779,0.9789622231871472,0.9990881458966565,1.0
Overall,,,0.22800000000000012,0.4480156317846288,0.5188317840890401,0.5544367175078848,0.5761981755835318,0.595792444614276,0.5998176291793313,0.6
