query_id,n,c,pass@1,pass@5,pass@10,pass@15,pass@20,pass@30,pass@40,pass@50
query1,50.0,25.0,0.5,0.9749240121580547,0.9996817882123221,0.9999985477532213,0.9999999988726737,1.0,1.0,1.0
query2,50.0,24.0,0.4800000000000003,0.9689535388623535,0.9994829058450234,0.9999965674167047,0.9999999951149194,1.0,1.0,1.0
query3,50.0,0.0,0.0,0.0,0.0,0.0,0.0,0.0,0.0,0.0
query4,50.0,0.0,0.0,0.0,0.0,0.0,0.0,0.0,0.0,0.0
query5,50.0,14.0,0.28000000000000014,0.8220695123562839,0.975255064962868,0.9975262886974892,0.999844939650759,0.9999999586712379,1.0,1.0
query6,50.0,22.0,0.44000000000000006,0.9536143782212237,0.9987224732641756,0.9999833651732615,0.9999999340514121,1.0,1.0,1.0
query7,50.0,0.0,0.0,0.0,0.0,0.0,0.0,0.0,0.0,0.0
Overall,,,0.24285714285714294,0.5313659202282737,0.5675917474691985,0.5710721098629538,0.5714064096699663,0.5714285655244625,0.5714285714285714,0.5714285714285714
